Date,Open,High,Low,Close,Adj Close,Volume,RETURN,MACD,SMA,EMA,TR,ATR,MA,BB_UP,BB_DOWN,BB_RANGE,RSI,ADX
2020-11-11,9.380000114440918,10.869999885559082,9.329999923706055,10.100000381469727,10.100000381469727,482300,0.10262014734893121,9.784103357824046,0.025129715813922048,0.017905961467801185,1.5099992752075195,0.804149866104126,9.605999851226807,9.967965489831798,9.244034212621816,0.7239312772099815,44.835435909718555,35.683361472030114
2020-11-12,10.270000457763672,10.890000343322754,10.0,10.529999732971191,10.529999732971191,976700,0.042574191609970224,9.933283504961594,0.004445871944282409,0.026128704852345225,1.5399999618530273,0.8463998794555664,9.749999809265137,10.082825815272214,9.417173803258061,0.6656520120141529,48.26309987411831,34.33986885086064
2020-11-13,10.25,13.0,9.770000457763672,12.600000381469727,12.600000381469727,2378200,0.19658126315207936,10.466629374617977,0.049126104349128716,0.08294622430319161,0.8900003433227539,0.869399881362915,10.110999870300294,10.647653898824007,9.57434584177658,1.0733080570474272,60.86839620931316,33.15166672100333
2020-11-16,14.300000190734863,16.889999389648438,13.699999809265137,16.889999389648438,16.889999389648438,6894200,0.34047610145217355,11.751308184178137,0.11328432046104311,0.16878951670391468,3.229999542236328,0.9983998775482178,10.863999843597412,11.88098713259208,9.847012554602744,2.033974577989337,74.65210211905341,34.22355769017833
2020-11-17,15.989999771118164,16.780000686645508,15.100000381469727,16.56999969482422,16.56999969482422,2116700,-0.01894610458188295,12.715049370934448,0.13266111979625428,0.10621097626669929,3.189999580383301,1.1275998592376708,11.591999816894532,13.160494064147006,10.023505569642058,3.1369884945049478,72.59791705651435,35.218885018697975
2020-11-18,16.899999618530273,20.100000381469727,16.770000457763672,18.690000534057617,18.690000534057617,3481600,0.12794211697515,13.91004246499906,0.13772551372149805,0.11345468983684776,1.6800003051757812,1.1905998706817627,12.549999904632568,14.785042273443686,10.31495753582145,4.470084737622237,77.09472368652372,37.135840789283016
2020-11-19,19.100000381469727,21.31999969482422,18.0,18.950000762939453,18.950000762939453,2975600,0.01391119429922183,14.918036055519243,0.13199291425934837,0.08027352465560864,3.3299999237060547,1.3315999031066894,13.401000022888184,16.308228486766183,10.493771559010186,5.814456927755996,77.58064519956366,39.175828878665314
2020-11-20,19.649999618530273,23.104999542236328,19.56999969482422,22.040000915527344,22.040000915527344,3384100,0.16306068750303204,16.342431210400086,0.12528879912953889,0.10786924560587556,3.3199996948242188,1.4400999069213867,14.589000129699707,18.26906140570133,10.908938853698087,7.360122552003242,82.36805208353053,41.39180277185403
2020-11-23,24.617000579833984,28.649999618530273,24.399999618530273,28.200000762939453,28.200000762939453,3451700,0.2794918144977183,18.71394802837912,0.11309194173864785,0.16507676857137904,3.5349998474121094,1.5853498935699464,16.37300024032593,21.097150879736017,11.648849600915842,9.448301278820175,87.91041978392741,44.099095162516285
2020-11-24,32.369998931884766,32.5,23.299999237060547,25.770000457763672,25.770000457763672,5173300,-0.08617022125649365,20.125159898368604,0.09964711840372571,0.08132777196056967,4.25,1.745849895477295,18.034000301361083,23.830544989485617,12.237455613236547,11.59308937624907,77.5540019461463,46.887799223453165
2020-11-25,23.780000686645508,28.388999938964844,23.0,26.43000030517578,26.43000030517578,2653300,0.025611169409710755,21.38612896913393,0.07918092889063785,0.06275557111005887,9.200000762939453,2.1878499507904055,19.66700029373169,26.48870789483789,12.845292692625488,13.643415202212402,78.30168478815271,49.27648746424639
2020-11-27,27.360000610351562,28.649999618530273,25.0,25.270000457763672,25.270000457763672,1102400,-0.04388951320537615,22.162903754449317,0.06762078738971826,0.02720720967129407,5.388999938964844,2.4227999687194823,21.14100036621094,28.79034321933953,13.491657513082348,15.298685706257181,73.65765333573002,51.51447773944476
2020-11-30,24.299999237060547,24.299999237060547,20.700000762939453,22.06999969482422,22.06999969482422,2496300,-0.12663239829725925,22.144322933193603,0.009682170229660003,-0.024072659651832518,3.6499996185302734,2.5572999477386475,22.088000297546387,30.189167707764618,13.986832887328157,16.202334820436462,62.623517270130534,50.99948900405939
2020-12-01,22.309999465942383,22.3700008392334,18.280000686645508,18.549999237060547,18.549999237060547,2114000,-0.1594925467347954,21.425457905174103,-0.07811470201684274,-0.06921262201298181,3.5999984741210938,2.701349878311157,22.2540002822876,30.329883207406297,14.178117357168901,16.151765850237396,53.18531069344475,49.40192167328025
2020-12-02,17.799999237060547,20.770000457763672,16.510000228881836,19.56999969482422,19.56999969482422,2116500,0.054986549849869615,21.054366143839836,-0.04988334779557009,-0.02781289805859916,4.090000152587891,2.8661998748779296,22.554000282287596,30.231548549611745,14.876452014963448,15.355096534648297,55.288200434075925,47.19445963670087
2020-12-03,19.799999237060547,20.600000381469727,18.329999923706055,19.139999389648438,19.139999389648438,1059000,-0.021972422681718617,20.67149269456093,-0.05940006621385596,-0.025866072932969213,4.260000228881836,3.0326998710632322,22.59900016784668,29.547949195226064,15.650051140467294,13.89789805475877,54.183225834799856,45.14467345987716
2020-12-04,19.200000762939453,19.309999465942383,18.030000686645508,18.549999237060547,18.549999237060547,834100,-0.03082550529792505,20.247193915787655,-0.05678726463236574,-0.027519217054622912,2.270000457763672,3.1118499279022216,22.55900001525879,28.39502674327032,16.722973287247257,11.672053456023065,52.62900389904549,43.11219705377365
2020-12-07,18.139999389648438,19.31999969482422,17.389999389648438,18.329999923706055,18.329999923706055,1831700,-0.011859801746781806,19.863755054276297,-0.03383274532227025,-0.022299411952005518,1.279998779296875,3.090849828720093,22.18799991607666,26.587159950101547,17.78883988205177,8.798320068049776,52.029691432550685,40.94270228368974
2020-12-08,18.389999389648438,22.23200035095215,17.149999618530273,21.989999771118164,21.989999771118164,3407800,0.19967266026437125,20.289004053624602,0.03800029607756308,0.05169127878682163,1.9300003051757812,3.147199869155884,21.56699981689453,24.572331022492687,18.561668611296373,6.010662411196314,60.15821041484361,39.81506167185256
2020-12-09,20.450000762939453,21.62299919128418,18.350000381469727,19.510000228881836,19.510000228881836,2421600,-0.11277851605499234,20.13320327226831,0.004447282896590687,-0.0031319861604669243,5.082000732421875,3.3612998962402343,20.94099979400635,22.8241656263302,19.057833961682498,3.7663316646477014,53.538210554030506,38.76796681800376
2020-12-10,19.0,19.93000030517578,18.41200065612793,19.1299991607666,19.1299991607666,756500,-0.019477245702575474,19.93256243306401,0.004946318292419316,-0.008580406007837582,3.272998809814453,3.449449872970581,20.21099967956543,21.840305686148042,18.581693672982816,3.2586120131652265,52.58337317019908,37.79566445371558
2020-12-11,18.5,19.450000762939453,18.15999984741211,18.270000457763672,18.270000457763672,578000,-0.04495550134506465,19.60005001559265,0.0021203190829913953,-0.020705437786914964,1.5179996490478516,3.448349857330322,19.51099967956543,21.675946646653365,17.346052712477494,4.329893934175871,50.39292591421493,36.75740626323839
2020-12-14,18.40999984741211,18.770000457763672,17.059999465942383,17.34000015258789,17.34000015258789,940200,-0.05090313529688972,19.148040018619366,-0.005688347627030188,-0.030771336956907487,1.2900009155273438,3.468349885940552,19.0379997253418,21.723691058910333,16.352308391773263,5.37138266713707,48.06134620356215,35.2080966132019
2020-12-15,17.649999618530273,18.5,17.18000030517578,18.5,18.5,618700,0.06689733778572005,19.018432009304732,-0.032243412122760426,0.0017848879573037046,1.710000991821289,3.3923499584198,19.032999801635743,21.991426661533744,16.074572941737742,5.916853719796002,51.100447010322846,33.769451938168025
2020-12-16,18.110000610351562,18.5,17.709999084472656,18.010000228881836,18.010000228881836,457000,-0.02648647411449534,18.816745646260213,-0.014985003734661028,-0.007638899399963031,1.3199996948242188,3.2988499641418456,18.876999855041504,21.901392940782774,15.852606769300236,6.048786171482538,49.77551733356677,32.43356759706514
2020-12-17,17.950000762939453,19.15999984741211,17.5,17.799999237060547,17.799999237060547,662900,-0.0116602437064115,18.61339635880642,-0.013421603335428234,-0.008979347502112557,0.7900009155273438,3.2543499946594237,18.742999839782716,21.645131406552515,15.840868273012914,5.804263133539601,49.18690711741733,31.480950437053327
2020-12-18,18.93899917602539,19.0,17.950000762939453,19.0,19.0,811300,0.06741577608840488,18.69071708875281,0.009052652151265671,0.016485693694727053,1.6599998474121094,3.1708499908447267,18.78799991607666,21.323170333959535,16.252829498193787,5.070340835765748,52.633782465448895,30.596377359899495
2020-12-21,18.722000122070312,21.190000534057617,18.540000915527344,20.15999984741211,20.15999984741211,1506000,0.06105262354800578,18.984573645676665,0.031443803920244776,0.03134133697915348,1.0499992370605469,3.057349967956543,18.970999908447265,20.969651402168783,16.972348414725747,3.9973029874430352,55.75803041761292,30.6672349158058
2020-12-22,20.700000762939453,22.200000762939453,19.709999084472656,20.639999389648438,20.639999389648438,1705700,0.023809501283202916,19.31565879915083,0.02282623661974135,0.028830725080503272,2.6499996185302734,3.013099956512451,18.83599987030029,20.29382996292883,17.378169777671754,2.9156601852570745,57.02130451836635,31.081066411131093
2020-12-23,21.219999313354492,24.709999084472656,20.709999084472656,22.950000762939453,22.950000762939453,2059700,0.11191867449616044,20.042527200127854,0.050507266341872505,0.05652670821905582,2.490001678466797,2.925100040435791,19.179999923706056,20.068268918060426,18.291730929351687,1.7765379887087391,62.5616398974623,32.19194568202262
2020-12-24,23.649999618530273,23.65999984741211,22.020000457763672,22.690000534057617,22.690000534057617,676400,-0.011328985631307464,20.572021871703754,0.05057351795689331,0.03390814360226798,4.0,2.6651000022888183,19.536000061035157,20.098096187079413,18.9739039349909,1.1241922520885126,61.599133544400075,33.223476433564755
2020-12-28,23.329999923706055,30.290000915527344,23.329999923706055,28.75,28.75,3868500,0.2670779781096233,22.207617509199817,0.09050595836113699,0.1116314217713866,1.6399993896484375,2.477649974822998,20.584000015258788,21.686241166011865,19.48175886450571,2.204482301506154,72.29715370524391,35.435679732805475
2020-12-29,26.389999389648438,26.510000228881836,23.719999313354492,25.799999237060547,25.799999237060547,2053500,-0.10260872218919836,22.926093858931655,0.05777368921369617,0.040218040451191504,6.960000991821289,2.643150043487549,21.429999923706056,23.23199292011411,19.628006927298003,3.6039859928161064,63.083860789089655,37.489868510671855
2020-12-30,26.600000381469727,29.920000076293945,26.0,29.6200008392334,29.6200008392334,4321200,0.14806208198198667,24.264875261192817,0.08262420535345291,0.07616605429478993,2.7900009155273438,2.6026501655578613,22.542000007629394,25.194274426795534,19.889725588463254,5.3045488383322805,68.6543905348872,39.81696994636324
2020-12-31,29.209999084472656,29.450000762939453,26.719999313354492,29.110000610351562,29.110000610351562,2121400,-0.017218103120588357,25.23390033461514,0.056796849830103156,0.04503800182299716,3.9200000762939453,2.594150161743164,23.65200004577637,27.181153999076585,20.122846092476152,7.058307906600433,67.19652145999662,41.9778498509338
2021-01-04,28.520000457763672,32.18000030517578,28.510000228881836,30.5,30.5,1903500,0.04774989215060854,26.287120270814153,0.06861262538648635,0.04594196526553428,2.730001449584961,2.5176502227783204,24.922000122070312,29.34699174212248,20.497008502018144,8.849983240104336,69.1211221571473,44.26702348557924
2021-01-05,30.0,31.399999618530273,28.049999237060547,29.90999984741211,29.90999984741211,718800,-0.01934426729796368,27.01169618785202,0.011328176304968962,0.024179887744368293,3.6700000762939453,2.587650203704834,26.013000106811525,31.23373473649653,20.79226547712652,10.44146925937001,67.31577880246076,46.101465426771526
2021-01-06,29.899999618530273,34.45000076293945,29.5,31.0,31.0,1369200,0.03644266660476769,27.80935695179489,0.03913845406376217,0.02826748069783476,3.3500003814697266,2.6911502838134767,27.097000122070312,33.00635825296472,21.1876419911759,11.818716261788822,68.93030515314328,48.11249247700484
2021-01-07,32.4900016784668,32.91299819946289,31.25,32.40999984741211,32.40999984741211,645500,0.04548386604555188,28.729485532314822,0.018622810876475215,0.034006275813740466,4.950000762939453,2.8421503067016602,28.27400016784668,34.66350447627792,21.884495859415438,12.779008616862484,70.93071307345953,49.97987473793578
2021-01-08,32.63999938964844,32.90999984741211,29.829999923706055,30.920000076293945,30.920000076293945,731300,-0.04597345813431519,29.167588441642582,0.012871739873729849,0.007346364497721913,1.6629981994628906,2.671200180053711,29.07100009918213,35.66897413239624,22.473026065968018,13.195948066428219,66.08834005746141,50.81988931755786
2021-01-11,30.0,31.190000534057617,29.729999542236328,30.100000381469727,30.100000381469727,698800,-0.026520041811154638,29.354070829789148,-0.0019822469186227877,-0.003942437605236937,3.0799999237060547,2.661550235748291,29.81200008392334,36.30397767342952,23.320022494417156,12.983955179012366,63.51832809052667,51.537313799349306
2021-01-12,30.34000015258789,30.700000762939453,27.309999465942383,29.329999923706055,29.329999923706055,688200,-0.025581410232728863,29.349256648568787,-0.0032296755055758243,-0.011155428481067578,1.460000991821289,2.658650302886963,29.870000076293945,35.98417103797899,23.7558291146089,12.228341923370088,61.114962562058004,50.781887799235996
2021-01-13,29.5,31.459999084472656,29.030000686645508,30.739999771118164,30.739999771118164,762300,0.04807363965495526,29.627405273251572,-0.0009034808955383112,0.008587594230940033,3.3900012969970703,2.763650321960449,30.364000129699708,35.921614299711166,24.80638595968825,11.115228340022917,63.814955604556516,50.24979082682771
2021-01-14,31.649999618530273,31.950000762939453,29.850000381469727,30.600000381469727,30.600000381469727,592900,-0.004554306788901563,29.82192429499194,-0.010911115462429,0.004206960557659501,2.4299983978271484,2.799650192260742,30.46200008392334,35.305030830240185,25.61896933760649,9.686061492633694,63.34464820451836,49.8655149334489
2021-01-15,30.25,30.59000015258789,28.329999923706055,29.6299991607666,29.6299991607666,367400,-0.03169938590231269,29.783539268131605,-0.0080563010160285,-0.007761821595664564,2.1000003814697266,2.8386502265930176,30.513999938964844,34.520408024124215,26.507591853805472,8.012816170318743,60.04284326974015,48.648772988486826
2021-01-19,29.329999923706055,29.6299991607666,27.799999237060547,28.8799991607666,28.8799991607666,607700,-0.02531218431464155,29.602831246601085,-0.007814729516725882,-0.013611942501990227,2.260000228881836,2.912150192260742,30.351999855041505,33.49845843688672,27.205541273196292,6.292917163690429,57.54523393110666,47.231830572202014
2021-01-20,28.829999923706055,31.010000228881836,27.6200008392334,30.649999618530273,30.649999618530273,682500,0.06128810627419323,29.81226492104025,0.009559173784658537,0.011354740423404258,1.8299999237060547,2.9206501960754396,30.42599983215332,32.7185024174223,28.13349724688434,4.585005170537961,61.60443970880298,46.313816730774626
2021-01-21,30.0,30.59000015258789,28.054000854492188,30.3799991607666,30.3799991607666,469600,-0.008809150444505587,29.925811769008643,-0.0018173842352336323,0.00463344346743431,3.3899993896484375,3.037650203704834,30.36399974822998,31.84247700801068,28.88552248844928,2.9569545195613998,60.65178826245598,45.46137530659205
2021-01-22,29.489999771118164,30.81999969482422,29.0,30.209999084472656,30.209999084472656,644200,-0.005595789367680015,29.98264923211071,-0.0020256807509893226,0.0012236991890628684,2.535999298095703,3.0319501876831056,30.143999671936037,31.036902150943373,29.2510971929287,1.7858049580146726,60.022420027155846,44.73963053885114
2021-01-25,31.100000381469727,32.900001525878906,28.170000076293945,30.25,30.25,1197200,0.0013240952247464133,30.03611938569554,0.004579015474422498,0.0012571645342907168,1.8199996948242188,2.9984500885009764,30.07699966430664,30.575039564544763,29.578959764068518,0.9960798004762452,60.12726382574078,44.65434421602127
2021-01-26,31.6299991607666,31.6299991607666,29.200000762939453,30.329999923706055,30.329999923706055,777100,0.0026446255770595783,30.094895493303767,0.010170377452762724,0.0017196515485470038,4.730001449584961,3.0349501609802245,30.099999618530273,30.51477360079075,29.685225636269795,0.8295479645209554,60.35121864624869,44.575149773393534
2021-01-27,29.510000228881836,29.790000915527344,27.110000610351562,27.350000381469727,27.350000381469727,722800,-0.0982525403802309,29.545916470891154,-0.021737751878122102,-0.0316044124277123,2.4299983978271484,3.0744501113891602,29.90199966430664,30.3034298819401,29.50056944667318,0.802860435266922,49.25351937990106,43.18272480837966
2021-01-28,28.0,29.729999542236328,27.920000076293945,29.540000915527344,29.540000915527344,467100,0.08007314455254622,29.54473335981832,-0.003961292878711742,0.005621439899040538,2.6800003051757812,2.8604500770568846,29.781999778747558,30.280261885822487,29.28373767167263,0.9965242141498578,55.70052688002527,41.88975876943821
2021-01-29,29.5,30.850000381469727,28.5,28.790000915527344,28.790000915527344,564200,-0.025389301853601887,29.39378687095206,-0.007919995375896115,-0.004715474018506937,1.8099994659423828,2.8114500045776367,29.60099983215332,30.19571798661367,29.00628167769297,1.1894363089206976,53.207500736505246,41.08528736019632
2021-02-01,30.049999237060547,30.469999313354492,28.5,30.469999313354492,30.469999313354492,411200,0.05835353749228522,29.609029359441745,0.0034858930776116457,0.016307529818423785,2.3500003814697266,2.7329500198364256,29.684999847412108,30.27050857470569,29.099491120118525,1.1710174545871652,57.7673278640715,40.3382781944717
2021-02-02,30.450000762939453,31.350000381469727,29.770000457763672,30.399999618530273,30.399999618530273,417700,-0.002297331683678072,29.767223411264855,0.002497501625464116,0.010105909317723165,1.9699993133544922,2.694949913024902,29.836999893188477,30.39161184490698,29.282387941469974,1.1092239034370053,57.515831620960704,39.957761773916424
2021-02-03,30.5,30.75,29.280000686645508,29.90999984741211,29.90999984741211,483900,-0.016118413725883296,29.795778698495088,0.018924326956333636,0.001364468303187678,1.5799999237060547,2.590449905395508,29.76299991607666,30.24000455559416,29.285995276559156,0.9540092790350059,55.68816677605536,39.25233335621268
2021-02-04,30.100000381469727,30.719999313354492,29.059999465942383,30.510000228881836,30.510000228881836,643600,0.020060193397882564,29.93862300457556,0.006921736725400906,0.007596376668085974,1.4699993133544922,2.496449851989746,29.776000022888184,30.14565077511197,29.406349270664396,0.7393015044475746,57.47030645857574,38.43611052923997
2021-02-05,31.280000686645508,33.83000183105469,28.200000762939453,28.489999771118164,28.489999771118164,2256900,-0.0662078152281188,29.64889835787901,-0.0012419659495024771,-0.017005020630648952,1.6599998474121094,2.331949806213379,29.604000091552734,29.95066658532589,29.257333597779578,0.693332987546313,50.156640987795264,38.755222351220105
2021-02-08,30.3799991607666,30.729999542236328,28.899999618530273,30.729999542236328,30.729999542236328,626300,0.07862407122196502,29.865118594753504,0.002812140796433482,0.014871343320222372,5.630001068115234,2.530299949645996,29.65200004577637,29.956271330743448,29.34772876080929,0.6085425699341585,56.73226442952552,39.05154047163023
2021-02-09,30.329999923706055,31.200000762939453,29.700000762939453,30.309999465942383,30.309999465942383,459500,-0.013667428654422276,29.954094768992277,0.0005381214022846415,0.005358419328674156,1.8299999237060547,2.467799949645996,29.65,29.85411048569227,29.445889514307726,0.4082209713845444,55.260195558968334,39.47075223626308
2021-02-10,30.309999465942383,30.959999084472656,29.131000518798828,29.90999984741211,29.90999984741211,320400,-0.01319695234504148,29.945275784676166,0.0011224136784530048,-0.000826704562564389,1.5,2.4697999000549316,29.90599994659424,30.111660241710588,29.70033965147789,0.4113205902326982,53.827682519321726,39.40429077200378
2021-02-11,29.719999313354492,29.899999618530273,28.399999618530273,28.520000457763672,28.520000457763672,459300,-0.04647273141891051,29.660220719291623,-0.01218417128490561,-0.016042046848013095,1.8289985656738281,2.3917497634887694,29.80399990081787,30.01278853912369,29.595211262512052,0.4175772766116381,49.067537885930726,38.77442443315293
2021-02-12,32.099998474121094,32.5,29.639999389648438,30.84000015258789,30.84000015258789,1224500,0.08134641155633893,29.896176605952235,0.01732667407198594,0.016420772620104246,1.5,2.3452498435974123,30.008999824523926,30.262361459171473,29.75563818987638,0.5067232692950938,56.053091045676226,39.083357832507325
2021-02-16,31.81999969482422,31.899999618530273,29.549999237060547,30.149999618530273,30.149999618530273,772300,-0.022373558062376286,29.946941208468076,-0.002872851784882324,0.0034893290592774018,2.8600006103515625,2.383249855041504,29.976999855041505,30.253764824545893,29.700234885537117,0.5535299390087758,53.69434667802322,39.30199341904794
2021-02-17,30.299999237060547,30.299999237060547,28.530000686645508,29.5,29.5,357000,-0.02155885992551665,29.857552966774136,-0.004451138039101199,-0.004860067268987282,2.3500003814697266,2.3877498626708986,29.886999893188477,30.168675359031287,29.605324427345668,0.5633509316856191,51.49596610325095,38.74012183045732
2021-02-18,28.920000076293945,29.25,27.190000534057617,28.700000762939453,28.700000762939453,413800,-0.027118618205442258,29.62604252600652,-0.007235471211181355,-0.012279584247805607,1.769998550415039,2.3847497940063476,29.76599998474121,30.04749338141422,29.4845065880682,0.5629867933460204,48.845281319375815,37.31413188531334
2021-02-19,28.809999465942383,30.200000762939453,28.5,29.280000686645508,29.280000686645508,326300,0.020209056037901352,29.55683415813415,0.006100886280181017,-0.0014500374859032876,2.059999465942383,2.318249797821045,29.643000030517577,29.942195528060726,29.343804532974428,0.598390995086298,50.82171086604121,36.387414480595325
2021-02-22,28.670000076293945,29.190000534057617,25.93000030517578,26.200000762939453,26.200000762939453,449600,-0.10519125175809274,28.885467479093954,-0.031206646382705316,-0.03603044224329977,1.7000007629394531,2.2764498710632326,29.41400012969971,29.781882538261428,29.04611772113799,0.7357648171234388,41.62456979964133,34.04933603470753
2021-02-23,24.5,25.3799991607666,21.371999740600586,24.700000762939453,24.700000762939453,655900,-0.05725190672978098,28.048374135861792,-0.038182316116186256,-0.0431042637387935,3.260000228881836,2.3484498977661135,28.811000251770018,29.52308117615715,28.098919327382887,1.4241618487742613,38.01630268526819,33.14152391562718
2021-02-24,25.5,26.731000900268555,25.020000457763672,26.290000915527344,26.290000915527344,443600,0.06437247382492273,27.69669949179448,-0.02099604936609838,-0.007278684550888093,4.007999420166016,2.312349796295166,28.409000396728516,29.487691915950325,27.330308877506706,2.1573830384436192,43.597622672812285,31.67912603664885
2021-02-25,26.5049991607666,27.389999389648438,23.5,24.600000381469727,24.600000381469727,400800,-0.0642830154128855,27.07735966972893,-0.028428928807587028,-0.026280128171553896,1.7110004425048828,2.2763998985290526,27.878000450134277,29.357747973142544,26.39825292712601,2.959495046016535,39.52388184670153,30.818311486093712
2021-02-26,24.18000030517578,24.780000686645508,22.506999969482422,24.3799991607666,24.3799991607666,412400,-0.008943138914292215,26.537887567936046,-0.03425936779802574,-0.020501131752466668,3.8899993896484375,2.3368998527526856,27.46400032043457,29.32302061819323,25.604980022675914,3.7180405955173157,39.0128346315447,30.323771748858167
2021-03-01,24.850000381469727,25.770000457763672,24.5,25.1200008392334,25.1200008392334,277200,0.030352818045114693,26.25431022219534,-0.007150553837384254,-0.0035498151532728805,2.273000717163086,2.360049915313721,26.89200038909912,29.10450555384622,24.67949522435202,4.425010329494199,41.74151651031384,29.38731357796009
2021-03-02,24.950000762939453,25.700000762939453,24.25,25.239999771118164,25.239999771118164,433200,0.004777027383587873,26.051448131979804,0.005255232985289515,-0.000774200974319296,1.2700004577636719,2.306049919128418,26.40100040435791,28.913731594772532,23.888269213943286,5.0254623808292465,42.19318816364348,28.603215185891997
2021-03-03,25.09000015258789,25.719999313354492,24.309999465942383,24.979999542236328,24.979999542236328,293900,-0.0103011185118691,25.83715841403102,-0.00967948548206885,-0.003949840153502564,1.4500007629394531,2.280049991607666,25.949000358581543,28.689359850477864,23.208640866685222,5.4807189837926416,41.44346530060559,27.864605562271155
2021-03-04,24.8700008392334,25.360000610351562,21.649999618530273,23.260000228881836,23.260000228881836,637400,-0.06885505784122647,25.321726777001018,-0.010593893967737045,-0.025584912716077202,1.4099998474121094,2.2715499877929686,25.405000305175783,28.32290215442314,22.487098455928425,5.835803698494715,36.78666079004144,28.061525671237796
2021-03-05,23.059999465942383,23.638999938964844,19.291000366210938,22.31999969482422,22.31999969482422,459700,-0.04041274827204955,24.72138136056551,-0.01688781583928851,-0.030527524568067982,3.710000991821289,2.3835500717163085,24.709000205993654,27.776313706518824,21.641686705468484,6.13462700105034,34.50476636965857,28.869701932060277
2021-03-08,22.459999084472656,23.1299991607666,21.350000381469727,21.6299991607666,21.6299991607666,167400,-0.03091400284461565,24.103104920605603,-0.02914118001723458,-0.030656350660250537,4.347999572753906,2.5179500579833984,24.252000045776366,27.350642761017603,21.15335733053513,6.197285430482474,32.891893757093,29.620151317109727
2021-03-09,22.219999313354492,24.34000015258789,22.158000946044922,24.100000381469727,24.100000381469727,205400,0.11419331098187535,24.10248401277843,-0.007257923297577085,0.01762686988712476,1.779998779296875,2.3254499435424805,24.192000007629396,27.213187739116776,21.170812276142016,6.042375462974761,43.13833338146281,29.621877753380847
2021-03-10,25.0,26.200000762939453,24.799999237060547,25.719999313354492,25.719999313354492,295900,0.06721987162831611,24.425987072893687,0.008246274730459958,0.034157870467521875,2.1819992065429688,2.343049907684326,24.13499984741211,26.940635166133394,21.329364528690828,5.611270637442566,48.673628823433496,28.66400671426439
2021-03-11,26.299999237060547,27.43000030517578,26.170000076293945,27.350000381469727,27.350000381469727,308600,0.06337484881925692,25.010789734608952,0.03469225606255664,0.043896863251433556,1.4000015258789062,2.3380499839782716,24.40999984741211,26.870434943192798,21.94956475163142,4.920870191561377,53.57105482188033,27.204144327189507
2021-03-12,26.770000457763672,26.989999771118164,26.149999618530273,26.799999237060547,26.799999237060547,139600,-0.020109730776523782,25.3686316350993,0.03875285956166179,0.02256133190878111,1.260000228881836,2.309600067138672,24.651999855041502,26.654461864649786,22.64953784543322,4.004924019216567,51.77584624087371,25.856436537126058
2021-03-15,26.979999542236328,28.780000686645508,26.809999465942383,28.270000457763672,28.270000457763672,300500,0.05485079337876719,25.948905399632217,0.05590581880633836,0.033324485732109804,0.8400001525878906,2.2766000747680666,24.966999816894532,26.524330602559868,23.409669031229196,3.1146615713306716,56.018107545088924,24.217452822506836
2021-03-16,28.6200008392334,28.645000457763672,26.899999618530273,27.209999084472656,27.209999084472656,175600,-0.03749562632213932,26.201124136600313,0.025568031345535425,0.009717781714026763,1.970001220703125,2.2321001052856446,25.16399974822998,26.34502900142417,23.98297049503579,2.3620585063883794,52.43602200030981,22.69553937321756
2021-03-17,26.549999237060547,28.100000381469727,26.040000915527344,27.40999984741211,27.40999984741211,193400,0.0073502671690122146,26.442899278762678,0.013594110453674646,0.008928610199021914,1.7450008392333984,2.2018501281738283,25.406999778747558,26.38210140252305,24.431898154972068,1.9502032475509807,53.046105179024806,21.268484878725385
2021-03-18,26.639999389648438,27.360000610351562,25.15999984741211,25.200000762939453,25.200000762939453,144500,-0.08062747525630909,26.194319575598023,-0.015206354361438556,-0.02092341828608842,2.059999465942383,2.2163501739501954,25.60099983215332,26.642110410609405,24.559889253697236,2.082221156912169,46.02157218268539,20.338291528786602
2021-03-19,25.530000686645508,27.18000030517578,24.610000610351562,26.90999984741211,26.90999984741211,684400,0.06785710447229332,26.337455629960843,0.0023870126883248632,0.008670089300038826,2.200000762939453,2.223350238800049,26.059999847412108,27.38893783102912,24.731061863795095,2.657875967234027,51.38589290575825,19.716012630204425
2021-03-22,27.18000030517578,27.469999313354492,25.889999389648438,26.15999984741211,26.15999984741211,215600,-0.027870680202628284,26.301964473451093,-0.014157282027954233,-0.003510167200850211,2.5699996948242188,2.2668501853942873,26.51299991607666,28.106971438722972,24.919028393430345,3.187943045292627,49.08197701016894,18.974788800886166
2021-03-23,26.06999969482422,26.09000015258789,23.43000030517578,23.639999389648438,23.639999389648438,262500,-0.09633029328985121,25.769571456690553,-0.02592421542149661,-0.03445020923051721,1.5799999237060547,2.182850170135498,26.466999816894532,28.126636259212795,24.80736337457627,3.3192728846365256,42.23065240692061,19.307651122333315
2021-03-24,23.81999969482422,24.003000259399414,20.219999313354492,20.260000228881836,20.260000228881836,489100,-0.14297797157501824,24.667657211128795,-0.0559898631703027,-0.07062613001201755,2.6599998474121094,2.1154501914978026,25.920999908447264,27.377405503797732,24.464594313096796,2.9128111907009355,35.14449955506285,20.606178524338834
2021-03-25,20.09000015258789,21.600000381469727,19.344999313354492,19.969999313354492,19.969999313354492,271200,-0.014313964079523123,23.728125631573924,-0.04272716093494551,-0.05185540803451941,3.783000946044922,2.2190502166748045,25.18299980163574,26.447929274412576,23.918070328858906,2.52985894555367,34.607930265621206,22.037700669140726
2021-03-26,20.270000457763672,20.760000228881836,18.049999237060547,19.6200008392334,19.6200008392334,604400,-0.01752621362821183,22.906500673105814,-0.059803824555046535,-0.04041234323241688,2.2550010681152344,2.1373003005981444,24.464999961853028,25.795613461013772,23.134386462692284,2.6612269983214887,33.93454753106833,23.68311164917364
2021-03-29,19.200000762939453,19.5,18.049999237060547,18.299999237060547,18.299999237060547,311500,-0.06727836624416916,21.985200385896757,-0.06768536176335471,-0.04936768423633431,2.710000991821289,2.159150314331055,23.467999839782713,25.33325918159886,21.60274049796657,3.7305186836322903,31.449190360657454,25.210993273489915
2021-03-30,18.100000381469727,22.690000534057617,18.100000381469727,21.850000381469727,21.850000381469727,1520000,0.19398914166181136,21.95816038501135,-0.009621474773022198,0.031751257729714245,1.4500007629394531,2.1681503295898437,22.931999969482423,25.379355145604073,20.484644793360772,4.894710352243301,43.44561315547496,24.809853556747097
2021-03-31,22.90999984741211,25.290000915527344,22.600000381469727,24.8700008392334,24.8700008392334,555000,0.1382151215120726,22.540528475855762,0.04661714384439597,0.06723921232383369,4.590000152587891,2.3251502990722654,22.678000068664552,25.5884143372791,19.767585800050004,5.820828537229097,51.259891327198844,23.29639834936424
2021-04-01,25.799999237060547,25.889999389648438,22.700000762939453,23.229999542236328,23.229999542236328,288100,-0.06594295302193576,22.678422689131875,0.03629134605591344,0.022845157208577205,2.690000534057617,2.389150333404541,22.48099994659424,25.721375929216933,19.240623963971544,6.480751965245389,47.42746065372081,21.653259006516148
2021-04-05,23.690000534057617,23.75,21.860000610351562,21.860000610351562,21.860000610351562,223800,-0.05897541794582739,22.514738273375812,0.02800150519239033,-0.004428367842890993,3.1899986267089844,2.363150215148926,21.976000022888183,25.430348307042728,18.521651738733638,6.9086965683090895,44.43852231349279,20.45651992314766
2021-04-06,21.93000030517578,22.020000457763672,21.309999465942383,21.610000610351562,21.610000610351562,120300,-0.011436413221398323,22.33379074077096,0.0391698957969445,-0.006764382969060102,1.8899993896484375,2.2402502059936524,21.521000099182128,24.937763033995438,18.10423716436882,6.8335258696266195,43.89488969244209,19.55957280065783
2021-04-07,21.350000381469727,21.770000457763672,20.684999465942383,21.280000686645508,21.280000686645508,101200,-0.015270704043755523,22.123032729945873,-0.0026820733441688784,-0.00959982332729191,0.7100009918212891,2.186750316619873,21.285000228881835,24.401485235045044,18.168515222718625,6.232970012326419,43.144596806259514,18.97124484186192
2021-04-08,21.450000762939453,21.86199951171875,21.15999984741211,21.270000457763672,21.270000457763672,93000,-0.0004699355525920046,21.95242627550943,-0.0304190847571018,-0.006556527402391941,1.085000991821289,2.131900405883789,21.38600025177002,24.019255908824807,18.752744594715235,5.266511314109572,43.12054310720907,18.378357209264237
2021-04-09,21.22100067138672,21.549999237060547,20.899999618530273,21.309999465942383,21.309999465942383,61204,0.0018805363101961348,21.823940913596022,-0.01685438689067542,-0.003744172831529249,0.7019996643066406,2.097000312805176,21.52000026702881,23.602910565448198,19.43708996860942,4.165820596838778,43.25681088220111,17.93959166477138
